processed_comment,sentiment
test office knowhow office holiday quiz premiering december 19 4pm est 7pm pst set reminder ğŸ””,Positive
threw keys anger killed ğŸ˜‚,Negative
phyllis snorting dwight opening door w butt took sjsjshsgsg whyyy deleted,Neutral
tho half actually made final cut,Negative
141 love dwight exhibits objects like art gallery lol,Positive
mean dont tothese good,Negative
michael mature deleted scenes,Positive
scenes deleted want knowanyone,Positive
michael calling pam pervy ğŸ˜­ğŸ˜‚,Neutral
love self awareness 412 ğŸ¤£,Positive
kevins laugh ryan getting yelled xd hey scam company shareholders,Positive
505 phyllis gainax pose,Neutral
want see lol,Positive
love david making ryan cry everyone want watch every deleted scene,Positive
â€œ made list â€ ğŸƒğŸ½â€â™‚ï¸,Neutral
died said candy corn actually showed,Negative
toilet tragedy ğŸ˜­ğŸ˜‚ğŸ˜‚ğŸ˜‚,Negative
believe jesus repent,Neutral
really release episodes deleted scenes edited way works stuff gold,Neutral
want see nah,Neutral
deleted scenes feel like ive watched compilation guys made nondeleted scenes,Positive
gluetoothğŸ˜‚ğŸ˜‚,Neutral
threw keys anger best deleted scene ever,Positive
glad cut ryan crying scene would character,Negative
video full ads even,Neutral
fact hear lot david saying phone genuinely sounds angry underrated attention detail always wins,Positive
tip calculator got,Neutral
thus toilet ideas blossomed,Neutral
dwight police tape one really good,Positive
250 toilet guard mentioned golden tickets episode,Neutral
dont think person posted understands title works,Neutral
office never steve carell left comedic genius brought everyone god miss show nothing else even compares,Positive
730 crying ğŸ˜‚ğŸ˜‚ğŸ˜‚,Negative
124 jim needs stop let michael finish story ğŸ˜’,Negative
really cool,Positive
thanks deleting scenesğŸ«¡,Positive
gluetooth ğŸ’€,Neutral
call bullshit call wallace ryan cant hear anything walace saying phone real uncut episode,Negative
â€œ self cleaning â€,Neutral
love david making ryan cry ğŸ˜‚ğŸ™Œ,Positive
want,Positive
hey wtf stanley â€™ supposed laugh meatballs,Negative
blinged wallet best thing,Positive
self cleaning ğŸ˜‚,Neutral
130 gluetooth fell ear,Neutral
dwight opening door butt,Neutral
hr said means children grandchildren dont go college,Neutral
best thing ever,Positive
ğŸ¤£ğŸ¤£ğŸ¤£ğŸ¤£ğŸ¤£ğŸ¤£,Neutral
love good holy please make extended cut,Positive
made youtube video dont watch title made sense,Neutral
voglio la decima stagione con micheal,Neutral
weird knowing lines byheart,Negative
ryan yelled david one funniest things ever ğŸ˜‚ğŸ˜‚,Positive
little baby goes goğŸ’€ğŸ’€,Neutral
thank god deleted ğŸ˜‚,Positive
thats said last time gold lol,Positive
thing miss lament office never got see michael mom e especially jeff stepdad,Negative
251 everyones outfits different scene prior,Neutral
ğŸ¤£â¤ï¸,Neutral
want watch like second office second drink,Positive
candy corn,Neutral
lost creed scene omfg ahahahaha,Negative
â€œ everything fell toilet â€ scene definitely made showğŸ˜‚,Positive
love bj novak puts scenes lolol writes,Positive
liked asked phyllis stanley kevin try toilet mesh thingy sus ğŸ˜‚,Positive
great tragedy mother inventions,Negative
question deleted every scene dying ğŸ˜‚ğŸ˜‚ğŸ˜‚,Neutral
see deleted,Neutral
640,Neutral
wouldnt want watch bring much dept character,Negative
350 kevin â€™ â€œ â€™ also excited see magic â€ wholesome thing,Positive
michael gary scott genius,Neutral
bro wallet candy corn fall inğŸ˜‚ğŸ˜‚ğŸ˜‚ğŸ˜‚ legit laughing 5minsğŸ˜‚ğŸ˜‚ğŸ˜‚,Positive
show deleted scenes new episodes,Neutral
awesome,Positive
excuse dont thats want,Neutral
deleted reason,Neutral
pam looks really good blue shirt,Positive
last two werent cut tho,Positive
visiting new york went large magic store bought one thumbs put pocket time got back parking garage gonemagicseriously though still amuses think whoever found must thought,Positive
thanks â€™ watch,Positive
jim screamed god dwight speculated poison moment ğŸ‘ğŸ˜†ğŸ˜†,Negative
weird title want watch deleted scene,Negative
imagine thinking theres 10 min worth best deleted scenes office smh,Positive
think good decision leave bits cutting floor important choose well put show leave,Positive
dang gluetooth things always falling ear,Negative
scenes extra content available peecock,Neutral
feels like one surreal episode random things happen haha,Positive
crying shame deleted scenes imagine pain editors directors cut stuff cut stuff amazing final episode,Negative
cant stop watching office highlights first watched office covid definitely saved life terrible period friends jealous im watching first time,Positive
watch different random scenes office still able good belly laugh tell everyones character show first clip ever saw office actually fire drill clip youtube thought gon na pass laughter ğŸ˜‚ğŸ˜‚,Positive
dwigt wearing newborn baby diarrhea mustard shirt scenes around 225235,Neutral
deleted scenes shoud last season office masterpiece,Positive
deadpan comedic acting office really incredible man lmao small changes posture body movements facial expressions really makes die laughing,Positive
threw keys anger,Negative
creed says clean lost lmao,Positive
220 episode,Neutral
toilet mesh invention needs real thing find much amusement,Positive
ryan kissing mom ğŸ˜­,Positive
